{"cameraMode":{"drawMode":0,"name":"Shaded","section":"Shading Mode"},"sceneLighting":true,"audioPlay":false,"sceneViewState":{"showFog":false,"showMaterialUpdate":true,"showSkybox":true,"showFlares":true,"showImageEffects":true,"showParticleSystems":true},"in2DMode":false,"pivot":{"x":222.5327606201172,"y":25.382537841796876,"z":178.84808349609376},"rotation":{"x":-0.3275843858718872,"y":-0.10992100834846497,"z":0.038459062576293948,"w":-0.9376175999641419},"size":249.27476501464845,"orthographic":true}