{"cameraMode":{"drawMode":0,"name":"Shaded","section":"Shading Mode"},"sceneLighting":true,"audioPlay":false,"sceneViewState":{"showFog":true,"showMaterialUpdate":true,"showSkybox":true,"showFlares":true,"showImageEffects":true,"showParticleSystems":true},"in2DMode":false,"pivot":{"x":-28.587955474853517,"y":4.184635162353516,"z":-19.845670700073243},"rotation":{"x":-0.18182358145713807,"y":0.6819925308227539,"z":-0.18105877935886384,"w":-0.6848680377006531},"size":97.29598999023438,"orthographic":false}