{"cameraMode":{"drawMode":0,"name":"Shaded","section":"Shading Mode"},"sceneLighting":false,"audioPlay":false,"sceneViewState":{"showFog":true,"showMaterialUpdate":true,"showSkybox":true,"showFlares":true,"showImageEffects":true,"showParticleSystems":true},"in2DMode":false,"pivot":{"x":331.0061340332031,"y":-89.85362243652344,"z":234.80856323242188},"rotation":{"x":-0.04544185847043991,"y":0.5726356506347656,"z":-0.031814031302928928,"w":-0.8179311752319336},"size":2.8578836917877199,"orthographic":false}